name,gender,usage,category
Reimu,f,f,2hu
Hakurei,,l,2hu
Marisa,f,f,2hu
Kirisame,,l,2hu
Rinnosuke,m,f,2hu
Morichika,,l,2hu
Elis,f,"f, l",2hu
Sariel,f,"f, l",2hu
Mima,f,"f, l",2hu
Kikuri,f,"f, l",2hu
Konngara,f,"f, l",2hu
Genji,m,"f, l",2hu
Rika,f,"f, l",2hu
Meira,f,"f, l",2hu
Ellen,f,"f, l",2hu
Kotohime,f,"f, l",2hu
Kana,f,f,2hu
Anaberal,,l,2hu
Rikako,f,f,2hu
Asakura,,l,2hu
Chiyuri,f,f,2hu
Kitashirakawa,,l,2hu
Yumemi,f,f,2hu
Okazaki,,l,2hu
Sokrates,m,"f, l",2hu
Ruukoto,f,"f, l",2hu
Orange,f,"f, l",2hu
Kurumi,f,"f, l",2hu
Elly,f,"f, l",2hu
Yuuka,f,f,2hu
Kazami,,l,2hu
Mugetsu,f,"f, l",2hu
Gengetsu,f,"f, l",2hu
Sara,f,"f, l",2hu
Louise,f,"f, l",2hu
Alice,f,f,2hu
Margatroid,,l,2hu
Yuki,f,"f, l",2hu
Mai,f,"f, l",2hu
Yumeko,f,"f, l",2hu
Shinki,f,"f, l",2hu
Rumia,f,"f, l",2hu
Daiyousei,f,"f, l",2hu
Cirno,f,"f, l",2hu
Hong,f,f,2hu
Meiling,,l,2hu
Koakuma,f,"f, l",2hu
Patchouli,f,f,2hu
Knowledge,,l,2hu
Sakuya,f,f,2hu
Izayoi,,l,2hu
Remilia,f,f,2hu
Flandre,f,f,2hu
Scarlet,,l,2hu
Rin,f,f,2hu
Satsuki,,l,2hu
Letty,f,f,2hu
Whiterock,,l,2hu
Chen,f,"f, l",2hu
Shanghai,f,"f, l",2hu
Hourai,f,"f, l",2hu
Doll,,l,2hu
Lily,f,f,2hu
White,,l,2hu
Lyrica,f,f,2hu
Lunasa,f,f,2hu
Merlin,f,f,2hu
Layla,f,f,2hu
Prismriver,,l,2hu
Youki ,m,f,2hu
Youmu,f,f,2hu
Konpaku,,l,2hu
Yuyuko,f,f,2hu
Saigyouji,,l,2hu
Saigyou,"m, f",f,2hu
Ayakashi,,l,2hu
Ran,f,f,2hu
Yukari,f,f,2hu
Yakumo,,l,2hu
Suika,f,f,2hu
Ibuki,,l,2hu
Wriggle,f,f,2hu
Nightbug,,l,2hu
Mystia,f,f,2hu
Lorelei,,l,2hu
Keine,f,f,2hu
Kamishirasawa,,l,2hu
Tewi,f,f,2hu
Reisen,f,f,2hu
Udongein,f,"f, l",2hu
Inaba,,l,2hu
Eirin,f,f,2hu
Yagokoro,,l,2hu
Kaguya,f,f,2hu
Houraisan,,l,2hu
Mokou,f,f,2hu
Fujiwara,,l,2hu
Aya,f,f,2hu
Shameimaru,,l,2hu
Medicine,f,f,2hu
Melancholy,,l,2hu
Komachi,f,f,2hu
Onozuka,,l,2hu
Eiki,f,f,2hu
Shiki,f,"f, l",2hu
Yamaxanadu,,l,2hu
Shizuha,f,f,2hu
Minoriko,f,f,2hu
Aki,,l,2hu
Hina,f,f,2hu
Kagiyama,,l,2hu
Nitori,f,f,2hu
Kawashiro,,l,2hu
Momiji,f,f,2hu
Inubashiri,,l,2hu
Sanae,f,f,2hu
Kochiya,,l,2hu
Kanako,f,f,2hu
Yasaka,,l,2hu
Suwako,f,f,2hu
Moriya,,l,2hu
Iku,f,f,2hu
Nagae,,l,2hu
Tenshi,f,f,2hu
Hinanawi,,l,2hu
Kisume,f,"f, l",2hu
Yamame,f,f,2hu
Kurodani,,l,2hu
Parsee,f,f,2hu
Mizuhashi,,l,2hu
Yuugi,f,f,2hu
Hoshiguma,,l,2hu
Satori,f,f,2hu
Komeiji,,l,2hu
Kaenbyou,,l,2hu
Utsuho,f,f,2hu
Reiuji,,l,2hu
Koishi,f,f,2hu
Nazrin,f,"f, l",2hu
Kogasa,f,f,2hu
Tatara,,l,2hu
Ichrin,f,f,2hu
Kumoi,,l,2hu
Minamitsu,f,f,2hu
Murasa,,l,2hu
Shou,f,f,2hu
Toramaru,,l,2hu
Byakuren,f,f,2hu
Myouren,m,f,2hu
Hijiri,,l,2hu
Nue,f,f,2hu
Houjuu,,l,2hu
Hatate,f,f,2hu
Himekaidou,,l,2hu
Kyouko,f,f,2hu
Kasodani,,l,2hu
Yoshika,f,f,2hu
Miyako,,l,2hu
Seiga,f,f,2hu
Kaku,,l,2hu
Tojiko,f,f,2hu
Soga,,l,2hu
Futo,f,f,2hu
Mononobe,,l,2hu
Miko,f,f,2hu
Toyosatomimi,,l,2hu
Mamizou,f,f,2hu
Futatsuiwa,,l,2hu
Kokoro,f,f,2hu
Hata,,l,2hu
Wakasagihime,f,"f, l",2hu
Sekibanki,f,"f, l",2hu
Kagerou,f,f,2hu
Imaizumi,,l,2hu
Benben,f,f,2hu
Yatsuhashi,f,f,2hu
Tsukumo,,l,2hu
Seija,f,f,2hu
Kijin,,l,2hu
Shinmyoumaru,f,f,2hu
Sukuna,,l,2hu
Raiko,f,f,2hu
Horikawa,,l,2hu
Seiran,f,"f, l",2hu
Ringo,f,"f, l",2hu
Doremy,f,f,2hu
Sweet,,l,2hu
Sagume,f,f,2hu
Kishin,,l,2hu
Clownpiece,f,"f, l",2hu
Junko,f,"f, l",2hu
Hecatia,f,f,2hu
Lapislazuli,,l,2hu
Joon,f,f,2hu
Shion,f,f,2hu
Yorigami,,l,2hu
Eternity,f,f,2hu
Larva,,l,2hu
Nemuno,f,f,2hu
Sakata,,l,2hu
Aunn,f,f,2hu
Komano,,l,2hu
Narumi,f,f,2hu
Yatadera,,l,2hu
Mai,f,f,2hu
Teireida,,l,2hu
Satono,f,f,2hu
Nishida,,l,2hu
Okina,f,f,2hu
Matara,,l,2hu
Eika,f,f,2hu
Ebisu,,l,2hu
Urumi,f,f,2hu
Ushizaki,,l,2hu
Kutaka,f,f,2hu
Niwatari,,l,2hu
Yachie,f,f,2hu
Kicchou,,l,2hu
Mayumi,f,f,2hu
Joutouguu,,l,2hu
Keiki,f,f,2hu
Haniyasushin,,l,2hu
Saki,f,f,2hu
Kurokoma,,l,2hu
Mike,f,f,2hu
Goutokuji,,l,2hu
Takane,f,f,2hu
Yamashiro,,l,2hu
Sannyo,f,f,2hu
Komakusa,,l,2hu
Misumaru,f,f,2hu
Tamatsukuri,,l,2hu
Tsukasa,f,f,2hu
Kudamaki,,l,2hu
Megumu,f,f,2hu
Iizunamaru,,l,2hu
Chimata,f,f,2hu
Tenkyuu,,l,2hu
Momoyo,f,f,2hu
Himemushi,,l,2hu