name,gender,usage,category
Sans,m,f,undertale
Undertale,,l,undertale
Frisk,"m, f","f, l",undertale
Undyne,f,f,undertale
Alphys,,f,undertale
Flowey,m,f,undertale
Toriel,f,f,undertale
Dreemurr,,l,undertale
Papyrus,m,f,undertale
Mettaton,m,f,undertale
Asgore,m,f,undertale
Asriel,m,f,undertale
Chara,"m, f","f, l",undertale
Froggit,"m, f","f, l",undertale
Whimsun,,l,undertale
Moldsmal,,l,undertale
Loox,"m, f",f,undertale
Vegetoid,,l,undertale
Migosp,,l,undertale
Napstablook,"m, f",f,undertale
Snowdrake,,l,undertale
Chilldrake,,l,undertale
Gyftrot,,l,undertale
Doggo,"m, f",f,undertale
Dogamy,m,f,undertale
Dogaressa,f,f,undertale
Lesser,"m, f",f,undertale
Greater,"m, f",f,undertale
Dog,"m, f","f, l",undertale
Jerry,m,f,undertale
Glyde,"m, f",f,undertale
Mad Mew Mew,f,f,undertale
Mew Mew,,l,undertale
Aaron,m,f,undertale
Moldbygg,,l,undertale
Woshua,"m, f","f, l",undertale
Temmie,f,f,undertale
Mad,"m, f",f,undertale
Glad,"m, f",f,undertale
Dummy,,l,undertale
Shyren,"m, f","f, l",undertale
Vulkin,,l,undertale
Tsunderplane,,l,undertale
Pyrope,,l,undertale
Muffet,f,f,undertale
Whimsalot,,l,undertale
Astigmatism,,l,undertale
Madjick,,l,undertale
Knight,"m, f","f, l",undertale
Gerson,m,f,undertale
Bratty,f,f,undertale
Catty,f,f,undertale
Burgerpants,m,f,undertale